113.5,104.9,8.6,60.1,1.88,18.3,25,75.7,51.6,13.3,55,58.3,103.57,55.3
112.6,106.8,5.8,60.3,1.81,18.2,26.5,72.6,50.2,13.8,54.3,57.9,100.52,53.3
115,108.6,6.5,66.8,2.06,20.4,25.7,72.7,50.5,13.9,56.5,59.6,101.73,54.6
112.1,108.1,4,65.3,2.04,19.3,30.8,74.4,52.4,13.6,52.7,55.8,98.49,52.4
114.9,110.1,4.8,54.1,1.59,15.9,26.9,70,48.1,13.5,54.2,58.1,98.39,49.8
113.7,109.5,4.2,54.4,1.66,16.6,30.8,73.9,52.6,13.7,52.8,56.8,99.96,52.1
111.6,109,2.6,64.8,1.8,18.7,27.8,74.1,51.7,14.4,53.2,57.4,102.59,52.9
110.3,105.3,5,64.4,1.72,18.5,27.5,75.9,52.2,14.9,53.8,57.2,100.84,53.9
111.3,107,4.3,62.4,2.05,18.8,25.7,72.8,49.5,12.7,53.4,56.7,100.43,53
109.8,106.5,3.4,54.8,1.67,16.3,29.8,73.8,50.9,13.4,51.4,54.5,103.38,50.6
109.4,106,3.4,62.8,1.9,18.9,26.9,72.2,49.9,13.9,53,56.1,98.64,52.7
111.4,110.4,1,58.2,1.65,17.1,26.3,72.2,50,14.1,52.9,57.5,102.66,50.5
112.2,110.5,1.6,58,2.03,18.1,24.6,74.4,50.1,12.2,53.4,57.2,98.89,51.6
108.9,109,-0.1,59.2,1.58,16.9,28.2,72,50.1,14.6,52,55.6,101.51,49.2
108.2,107.6,0.6,63.2,1.94,18.6,25.9,75.4,50.4,13.3,51.8,55,98.65,50.8
108.4,108.7,-0.3,57.9,1.63,16.5,29.1,74.5,50.9,14,50.9,54.4,97.88,48.2
110.7,112,-1.3,57.8,1.9,17,26.8,73.1,49.5,12.2,51.4,55.4,99.18,48.6
106.7,107.1,-0.4,61.2,1.65,17.6,29.1,73.1,50.9,14.9,51.5,54.2,98.74,50.1
109.6,110.8,-1.2,58.8,1.9,17.7,26.8,71.3,48.7,12.8,52.4,55.4,103.88,49.5
107.4,108.9,-1.6,60,1.63,17.8,27,72.5,50.2,15,52.7,55.4,103.6,49.5
110.6,112.2,-1.6,59.1,1.88,17.4,29.2,70.9,49.7,12.9,51.1,55.2,100.88,49.8
108.7,110.1,-1.5,60.3,1.64,17,27.3,73.4,50.3,14.2,51.9,55.5,99.6,49.2
105.6,108,-2.4,63.1,1.71,17.9,24.7,72.4,48.4,14.3,50.8,54.8,97.15,49
110.7,112,-1.3,61.9,1.82,18.6,28.5,72.9,50.9,14.2,52.9,56.3,103.89,49.8
110.2,112.9,-2.7,62.3,1.87,18.4,25.2,70.6,47.7,13.6,53.1,56.7,102.24,48.7
107.5,113.1,-5.5,62.4,1.52,17.7,28.4,71.8,49.6,16.2,52.2,55.5,104.56,46.4
104.5,112.8,-8.3,55,1.55,16.3,24.2,72.7,48.3,14.1,50.5,54.1,99.3,45.3
106.8,116.8,-10,53.2,1.54,15.6,28.2,73.2,49.6,13.8,50.3,54,97.38,43.6
105.3,114.2,-8.9,59.5,1.53,17.3,24.7,68.3,46.4,15.3,51.4,55.2,101.15,45
104,112.9,-8.9,52.5,1.43,14.9,26.4,71.7,48.6,14,49,52.9,100.16,44.2
114.1,105.7,8.4,55.7,1.56,16.4,25.4,75,50.3,14.1,55.1,59,98.02,53.1
113,105.3,7.7,59,1.82,17.9,27.4,72.5,50.2,13.5,53.9,57.5,98.02,53.8
112.8,106.8,5.9,68.5,1.9,20.9,24.3,71.2,49.7,15.3,56.9,60.3,100.35,55.4
106.8,103.2,3.6,58.6,1.6,17,26.3,73.9,50.4,14.4,51.8,55.2,96.75,51.9
108.5,103.9,4.6,66.3,1.64,19.1,28.6,73.6,52,16.3,53.5,56.8,100.75,54.2
112,111.1,1,57.9,1.7,17.5,24.3,73,49.2,13.9,54.7,58.4,98.72,50.2
108.4,105.7,2.7,49.6,1.44,15,27.9,74.6,51.3,13.9,51.1,54.9,97.11,51
108.5,107.3,1.3,54.4,1.67,16.8,27.1,72.1,49.6,13.6,52.5,55.7,96.84,50.9
108.5,107.4,1.1,62.7,1.79,19,24,72.6,49.4,14.5,54.1,57.3,101.48,52.5
110.1,106.4,3.7,53.5,1.53,15.8,32,72.5,51.5,14.3,51.4,54.6,97.34,50.8
107.4,103,4.4,58.6,1.53,17.1,25.6,75.6,50.9,15.2,52.7,56.4,96.58,53.2
112.5,110.2,2.3,55.3,1.82,17,28.9,72,50.3,12.8,52.3,56.6,96.75,51.8
107.1,104.1,3,58.3,1.73,17.3,27.7,74.1,50.8,13.7,50.7,54.3,95.7,52.5
111.4,110,1.4,61.7,1.68,18.2,30,73.6,51.7,15.1,53.6,57,97.69,51.1
106.2,105.8,0.4,58.5,1.58,17.1,26.1,74.1,50.1,14.8,52,55.1,96.1,50.5
109,109.1,-0.2,58.5,1.68,17.7,24.4,70.9,48,14.2,53.1,57.1,97.03,50.2
108.1,107.7,0.4,63.1,1.73,18.4,27.4,73.2,50.4,14.8,52.5,56,97.67,50.9
109.4,109.2,0.2,55.5,1.52,16.5,28.4,71.8,50.4,14.7,52.7,56.4,99.54,49.7
106.6,106.7,-0.1,58.2,1.7,17.1,26.9,74,49.9,13.8,51.2,54.3,96.75,48.9
109,109,-0.1,55.4,1.7,16.1,27.1,76.3,51.2,12.8,50.8,54.9,98.66,50
106,107.3,-1.3,58.4,1.51,17,27.9,72.9,50.5,15.5,51.7,54.8,100.9,49.1
106.3,109.7,-3.4,57.3,1.58,17.2,28.9,72.7,50.9,15,51,54.4,97.64,48.1
106.1,109.7,-3.6,61.9,1.56,17.3,25.1,73.1,48.9,15.1,51.4,55.1,99.66,47.4
103.4,110.5,-7,60.7,1.68,17.3,25.6,76.7,50,14.1,49.7,52.9,98.65,45.3
103.1,110.4,-7.3,55.6,1.57,16.6,26.4,73.1,48.9,14.3,50.2,52.9,95.5,45.1
104.7,109.4,-4.7,60.4,1.61,17.5,24.8,71.4,48,14.7,51.2,54.5,98.58,47.2
104.4,110.1,-5.7,62.2,1.53,17.6,26.3,71.9,48.9,15.7,51.2,54.7,98.76,46.8
105.4,108.4,-2.9,59.4,1.85,17.3,22.4,74.9,47.8,12.7,51.3,54.4,96.53,47.5
103.6,110.4,-6.8,58.6,1.44,16.6,27.6,72.1,49.3,15.6,50,53.9,95.65,46
102.8,111.7,-9,55.3,1.35,15.6,27.1,72.4,49.3,15.5,49.5,53.2,101.14,44.2
114.8,103.4,11.4,70.5,2.06,21.2,27.2,70.9,50.4,14.6,56.3,59.7,100.37,57.9
110.3,102.9,7.4,60.6,1.77,18.1,28.2,73,51.1,14.1,52.4,56.4,94.86,55.1
114.1,108.4,5.7,62.6,1.67,18.1,28.1,71.7,49.9,15,54.5,58.3,100.55,51.6
110.6,108,2.6,65.3,1.9,18.8,25.9,70.5,48.5,13.6,52.5,56.7,97.21,51.4
112.8,109.7,3.1,56.7,1.66,17.1,26.4,72.2,49.9,14,54.7,58,96.74,51
111.8,107.5,4.4,57,1.74,17.2,25.6,73.3,50.1,13.3,53.7,57.4,96.77,52.7
111.4,107.1,4.3,47.2,1.46,14.5,29.1,71.7,50.5,13.2,51.7,56.1,95.41,51.6
109,104.7,4.3,54.4,1.48,16.2,27,74.3,51.4,14.8,52.6,56.3,92.09,53.4
110.4,108.8,1.7,57.7,1.68,17.6,28.6,71.6,50.1,14.3,52.8,56.4,97.94,51.1
107.9,107.1,0.8,53.2,1.4,15.5,32.3,74.2,52.8,15.2,50,54,98.18,49.9
104.5,105.2,-0.7,62.1,1.5,17.4,28.2,71.7,50.2,16,50.4,54.1,97.76,50.6
107,106.5,0.5,58.4,1.65,16.5,29.5,73.1,50.7,13.7,49.1,53.5,92.84,50.1
107.9,108.1,-0.2,57.2,1.63,17.2,25.5,71.3,48.8,14.1,51.6,55.8,96.59,50.5
108.5,108.7,-0.2,62.4,1.73,18.5,26,70.6,48.7,14.6,52.7,56.5,94.99,50.4
106.5,106.2,0.3,58.4,1.66,16.8,31.1,73.3,51.9,14,48.7,53,96.02,50.4
107.4,106.4,1,54.4,1.58,16.3,28.4,71.8,49.9,14,51.2,54.1,95.51,50
109.4,110,-0.6,53.4,1.54,16,26.9,72,49.6,13.9,52,55.9,97.38,49.3
112.2,111.7,0.4,61.5,1.69,18.2,31.4,75.3,53.2,15,53,56.8,99.18,50.3
105.3,106.7,-1.4,53,1.78,16.1,28.6,77.5,51.9,12.3,49.2,52.1,95.52,48.2
108.4,108.4,0,61.1,2.01,17.6,24.7,74.9,49.6,11.9,50.1,54.7,95.92,50.5
104.7,106.8,-2.1,58.2,1.77,17.1,22.8,72.8,48,12.9,50.4,53.9,98.56,49.3
104.7,107.7,-3,57.4,1.75,16.8,21.6,73.3,46.5,12.7,50.5,54.1,93.11,47.9
106.6,110.8,-4.2,59.4,1.54,17.3,25.8,72.3,49.2,15.2,51.6,55.6,95.42,47.8
110,110.9,-0.9,60,1.69,17.7,30.9,71,50.7,14.6,51.1,55.5,95.48,50.1
107.1,110.7,-3.6,55.1,1.57,16.3,30.5,69.8,50,14.3,49.6,53.4,96.63,48.2
103.7,110.3,-6.5,58,1.67,16.8,26.7,72.6,49.1,13.7,48.9,52.4,96.9,46
102.7,108.2,-5.5,63.1,1.43,17.4,27.3,70.9,49,16.7,50.1,53.9,99.07,47
105.3,112,-6.7,53.2,1.38,15.6,28.4,71.7,49.4,15.3,50.1,53.7,99.26,44.6
106.1,111.3,-5.2,49.1,1.27,14.4,29.9,71.8,50.3,15.2,49.3,53.8,100.85,46.2
103.6,110.1,-6.5,56.6,1.29,15.9,24.1,71.6,48.3,16.2,50.7,55.1,101.75,46
113.5,102.8,10.6,68,1.91,20.4,26.7,72,50.7,15,56.3,59.3,100.24,56.7
109.3,98.2,11.1,61.1,1.88,18.8,26.6,74.6,51.6,13.8,52.6,56.4,94.54,57.8
110.2,103.9,6.3,58.7,1.67,17.4,29.4,74.2,51.9,14.3,52.4,55.8,93.82,52.8
109.3,104.8,4.4,51.1,1.43,14.9,30,73.6,52,13.9,50.4,55.2,93.35,52.5
112.1,104.8,7.4,55.8,1.44,16.7,34.7,72,54.1,16.2,52.4,56.5,97.54,54.6
107.2,102.7,4.5,59.6,1.76,17.4,23.4,69.7,47.2,13.3,52.4,55.6,96.81,53.3
104.6,100.8,3.9,66.3,1.71,19,23.4,69.8,47.4,15.2,51.6,55.2,97.63,52.8
105.8,102.5,3.3,61.6,1.76,17.4,29,70.7,49.5,13.8,48.8,53.1,99.43,52
106.4,103.7,2.7,58.6,1.73,16.7,24.4,75.4,49.9,12.9,50.2,54.5,96.24,51.1
105.5,103.7,1.7,54.3,1.48,16.3,28,72.9,51.2,14.8,50.8,54.5,94.14,52.5
103.8,102.2,1.6,55.4,1.43,16.1,27.1,71.4,49.4,15.1,49.7,53.6,97.35,51.8
105.3,104.9,0.3,51.2,1.44,14.8,31.3,75.3,52.1,14,49.1,52.2,95.75,48.6
107.6,106.8,0.8,55.2,1.46,16,29.4,72.8,51,15,51.1,54.8,97.06,49.3
104.1,105.5,-1.4,59.1,1.64,17,29,71.4,50.6,14.2,48.7,52.6,96.6,49.4
105.5,105.9,-0.4,59.2,1.73,17,24.1,72.3,48.4,13.2,50.2,54.4,95.34,50.3
104.7,107.1,-2.4,56.2,1.56,16,29.8,70.9,49.5,14,47.7,52.4,93.95,48.3
107.3,107.3,0,58.9,1.39,16.4,29.7,69.2,49.2,16.1,51.6,55.3,98.42,49
104.5,105.1,-0.5,61.9,1.69,18.1,25,73.7,49,14.5,51.1,54.4,99.16,49.7
105,103.2,1.8,52.6,1.27,15.1,30.3,73.1,51.7,16.1,50.1,54,91.66,50.8
104.4,106,-1.6,59.6,1.67,17.6,27.1,72.6,49.5,14.4,50,53.3,96.68,48.8
104.9,108.2,-3.3,60.1,1.55,16.9,30.4,73.2,51.3,15.1,48.9,53.1,96.34,47.9
103.4,107.8,-4.5,60.3,1.52,17.6,28.6,68.9,49,15.9,49.9,53.7,95.05,48.3
105.3,107.6,-2.3,61.2,1.52,17.6,28.1,71.7,50,16,51,54.6,100.66,49.4
103.9,106.7,-2.8,55.7,1.53,16,28,71.8,50.2,14.2,48.3,52.7,94.12,48.7
104.8,108.4,-3.7,57.7,1.65,16.8,25.2,74.8,49.3,13.7,49.8,53.7,97.64,47.2
105.4,109,-3.5,61.9,1.56,17.6,27.9,70.2,49.4,15.5,49.8,54.9,96.2,49.7
101.5,107.9,-6.5,55.8,1.21,15.4,29.7,73.3,50.8,17.3,48.7,52.6,99.39,45
102.4,109.7,-7.4,58.3,1.51,17,27.9,71.6,49.4,15.3,49.2,52.7,96.12,46
100.7,110.3,-9.7,51.3,1.31,14.1,27.1,71.2,48.4,14.2,46,50.9,96.55,42.4
98.4,108.6,-10.2,59.4,1.31,16.3,25,69.3,46.6,16.5,48.7,51.9,98.44,42.8
110.4,100.4,9.9,65.9,1.9,19.7,27.3,70.3,49.8,14.5,54,57.1,99.28,56.9
108.2,102.3,5.9,67.6,1.81,19.5,26.4,69.7,48.7,15,52.7,56.3,94.66,54
106,102.6,3.4,60,1.33,16.5,30.5,68.6,49.6,17,51.2,54.8,97.36,50.9
111.6,104.7,6.9,62.9,2.01,18.7,27.2,71.6,49.7,12.9,53.3,56.5,95.4,54
104.8,101.2,3.5,57.4,1.62,16.9,28.8,71.6,50.3,14.2,48.9,53.1,92.82,53
107.6,101.4,6.3,62.3,1.75,18.4,27.2,73,50.7,14.6,51.7,55.5,94.45,54.5
110.1,105.3,4.8,58.7,1.55,17.1,31.1,71.1,51.3,15.2,52,55.7,93.23,51.4
107.1,102.8,4.3,56.7,1.61,16.8,28.2,72.8,51,14.2,50.8,54.4,95.06,52.2
106.3,103.3,3,59.3,1.56,16.6,31.2,70.9,51.6,14.7,48.9,53.6,93.8,52.9
108.2,104.9,3.2,56.7,1.74,17,26.9,68.1,47.7,13.3,51.5,55,96.4,52.1
110.2,107.1,3.1,54.7,1.61,16.1,30.1,68.9,49.4,13.7,50.8,55.3,93.46,50.6
103,102.4,0.6,62.7,1.6,18.1,28.8,72.6,51.4,15.7,49.9,53.4,94.29,52.5
107.1,106.3,0.8,58.1,1.66,17.1,30.9,71.2,51.1,14.3,50.1,53.7,92.29,50.8
106.7,104.6,2.1,52.8,1.4,15.3,31.8,73,52.4,15.1,49.2,53.2,96.61,50.5
102,101.4,0.6,62.7,1.41,17.8,29,68.6,49.1,17.5,49.9,53.6,94.82,51.1
103.8,103.5,0.3,62.9,1.77,18,28.9,71,49.5,14.2,48.9,52.3,96.71,49.8
104.2,105.3,-1.1,52.2,1.34,15.4,28.1,69.8,48.9,15.4,50.1,53.7,97.2,49.1
103.4,106.3,-3,55.9,1.51,16.3,27.8,70.1,49.1,14.6,49.1,52.9,93.69,48
102.9,102.7,0.2,58.6,1.53,16.6,28.6,73.5,51.1,14.8,48.4,52.3,93.67,50.5
104.2,104.1,0.1,56.3,1.3,15.8,33.2,71.5,52.4,16.8,49.4,53.1,91.1,50.7
103.2,106.1,-3,56.4,1.34,16.1,28.4,68.7,48.9,16.1,50,54,91.49,49.2
99.6,103,-3.4,56.8,1.69,15.8,27,74.6,50.2,12.6,45.6,49.8,93.45,48.2
104.3,105.4,-1.1,58.2,1.61,16.4,31.6,71.2,50.5,14.2,48.2,51.5,93.68,47.8
103.9,107.1,-3.3,57.7,1.53,16.2,30.3,70,49.4,14.6,47.9,51.8,96.87,46.5
104.5,108.2,-3.7,55.4,1.25,15.5,31.3,71.5,51.9,16.8,49,54.2,96.16,48.5
101,106.8,-5.9,55,1.39,16.2,26.9,71.6,49.1,15.7,49.4,52.4,94.51,45.5
102.3,109.4,-7.1,56.2,1.58,15.9,29,72,49.7,13.8,47.3,51.3,95.03,45
94.9,103.9,-9,60.9,1.16,15.5,29.3,68.6,48,18.3,45.9,49.4,96.45,42.6
98.9,109,-10.1,60.6,1.45,16.7,28.9,69.1,48.4,15.8,47,50.8,92.06,44.1
101.8,110.9,-9.1,59.3,1.44,16.3,31.1,68.2,48.9,15.6,46.8,51.7,95.45,45.3
109.5,101.4,8.1,62.1,1.75,19,26.1,72.5,50.3,15,53.7,57.1,95.87,55.5
109.4,103,6.4,56.2,1.43,16.6,29.4,72.2,51.8,15.8,52,56.6,96.33,54.3
111.3,104,7.3,62.8,1.77,18.3,28.8,69,49.6,14.3,52.6,56.7,96.66,54.8
103.6,98.9,4.7,56,1.33,15.9,29.6,72.1,51.7,16.2,49,53.5,92.89,54.5
109.8,105.2,4.6,56.3,1.33,16.1,30.6,70,51.3,16.5,53.1,57.1,97.27,53.4
110,105,5.1,58.8,1.52,18.1,24.4,68.6,47.6,15.9,55.4,59,91.9,53.9
110.4,106.2,4.2,59.4,1.69,17.2,32,71.3,51.7,14.2,50.4,54.8,95.9,52.4
106.3,101.4,4.9,59.1,1.53,17.4,28.4,72.4,50.8,15.5,51.7,55,97.37,52.8
105.5,103.8,1.7,57.4,1.59,17.1,32.6,71.8,52.1,15,49.4,52.9,90.58,51.8
109.5,107.2,2.3,59.6,1.74,18,27.6,69.4,48.7,14.1,52.6,56.4,94.94,52.1
101.7,99.9,1.9,65.4,1.52,17.6,32.1,71.3,51.8,16.2,47.1,51.8,90.84,52.8
108.2,105.6,2.6,49.3,1.24,14.7,29.8,69.9,50,15.8,51.9,55.8,96.83,50.9
107.9,104.6,3.3,58.1,1.5,16.4,31.2,70.1,50.5,15.1,49.8,54.5,92.48,51.2
105.4,106.7,-1.3,58.5,1.44,16.7,26,68.6,47.5,15.5,51.4,55.5,92.42,49.2
104.9,103.6,1.3,60.1,1.59,17.6,28.6,71.9,49.8,15.3,50.6,53.8,94.18,50.4
103,103.3,-0.4,59.7,1.76,16.9,26.9,73,50,13.1,48.1,52.2,92.93,50.8
107.7,105.2,2.6,61.6,1.72,17.3,31.7,71.5,50.8,14,48.6,53.5,98.33,51.9
104.9,105.7,-0.7,66.7,1.63,18.8,25.6,71.1,48.5,15.9,51.5,55.4,95.41,50.2
107,108.1,-1.1,54.2,1.54,16,29.1,70.5,49.2,14.1,50.5,54.1,91.24,49
105.1,107.3,-2.2,58.4,1.41,16.4,31,70.3,50.5,16,49.7,53.6,98.95,48.1
106.2,109.1,-3,56.3,1.55,16.5,30.5,69.4,49.7,14.7,49.5,53.7,93.07,48.3
103.5,107,-3.6,57.2,1.49,16.2,31.4,71.1,50.8,14.9,47.9,51.8,93.69,46.9
105.2,109,-3.7,53.9,1.44,15.6,34.7,69.3,51.1,15.2,48.2,51.4,95.57,46.4
105.1,107.8,-2.7,51.1,1.24,14.6,31.6,72.5,51.8,15.9,48.4,53.2,95.04,47.3
103.2,109.3,-6,63.9,1.62,18.1,23.5,67.6,45.9,15.2,50.5,54.2,99.72,46
101.9,106.5,-4.6,57.6,1.37,16.2,31.4,70.8,50.5,16.3,47.7,51.7,94.28,46.1
102.4,110.1,-7.6,56.4,1.39,16.1,29.7,70.8,49.7,15.8,48.4,52.3,92.32,45.1
101,106.6,-5.7,57.1,1.41,16.4,26.7,71.4,49,15.6,48.7,52.5,94.27,46.6
99,109,-10,57.6,1.29,16,29,68.4,47.9,16.8,47.5,51,99.74,42.6
101.9,110.2,-8.3,59.6,1.42,16.5,31,67.8,49,16.1,47.9,51.9,92.96,44.9
111.4,103.2,8.2,60,1.65,18.4,26.4,67.8,48.5,15.1,55.2,58.8,91.26,56.4
111,101.2,9.9,56.1,1.4,16.6,29.1,70.2,51.3,16,52.7,58,94.58,57
107,100.3,6.7,64.1,1.71,19.1,24.3,71.5,49.3,15.3,53.1,56.8,95.31,55.1
109.3,104.2,5.1,60,1.6,17.8,34.5,67.5,51.3,15.7,51.5,54.9,95.92,53.8
109.8,102.8,6.9,62,1.64,18.4,32.3,69.7,51.2,15.9,52.6,55.7,91.83,54.8
103.6,99.1,4.5,57.9,1.5,16.5,34.4,70.2,52,15.5,47.2,51.4,89.56,53.1
109.8,105.4,4.5,52.7,1.6,15.6,29.1,70.8,49.4,13.2,51.5,55,90.68,51.2
106.9,104.8,2,56.7,1.38,16.1,34.3,70.1,52,16.2,49.8,53.6,89.88,50.9
103.4,99,4.4,57.8,1.34,16,33.6,70.1,52.2,16.5,47.9,52.1,90.9,53.7
105.1,104.2,0.9,58.9,1.49,17.1,28.5,71.2,50.6,15.7,50.6,54.5,95.64,50.2
102.4,101.9,0.5,64.5,1.61,17.8,33.2,69.9,51.4,15.7,47,51.2,90.35,51.4
108.8,105.3,3.5,60.9,1.41,17.3,30.5,71,50.9,16.9,52.5,56.4,96.89,51
107,105.9,1.1,59.8,1.48,16.8,30.9,70.2,51,15.7,51.2,54.8,95.08,51.3
103.7,103.4,0.3,65.1,1.65,18.8,25.4,70.1,48.2,15.7,51.7,54.6,93.56,50.9
105.4,105.6,-0.2,61,1.54,17.4,32.9,69.7,51,15.9,49.2,53.3,92.05,50.4
102.2,102.6,-0.5,61.4,1.56,17.9,24.6,69,47.7,15.4,50.3,54.2,92.46,50.7
104.7,105.4,-0.6,59.9,1.67,17.7,25.9,69.8,48.4,14.4,50.6,54.4,95.09,50.2
102.5,104.2,-1.7,60,1.62,17,31.5,67.8,49.1,14.6,47.6,51,95.65,48.8
101,104.7,-3.7,61,1.74,17.7,29.1,69.5,48.9,14.1,48.1,50.9,91.88,47.4
105,106.4,-1.4,59.2,1.57,16.9,29.6,68.8,49,14.8,48.8,53.2,91.26,48.4
104.5,107.9,-3.4,59.3,1.48,17,29.4,70.2,49.5,15.7,49.8,53.6,92.46,46.8
101.8,104,-2.2,62.4,1.51,17.1,31.2,70.2,50,15.7,47.3,51.6,93.94,49.4
102.7,107.2,-4.5,58.5,1.4,16.6,32.4,69.5,50.6,16.4,48.7,52.1,91.68,46.7
99.3,101.6,-2.3,61,1.43,16.9,27.9,70.6,49.1,16.1,47.5,51.2,93.23,48.1
105.3,110,-4.7,55.3,1.42,16,30.6,67.3,48.5,15.4,49.1,53.2,94.65,45.4
104.5,108.9,-4.4,58.2,1.44,16.7,33.2,70.5,51.4,16.2,48.9,52.8,89.5,46.4
100.2,106.9,-6.7,60.6,1.45,17.1,30.8,68.7,49.1,16.4,47.7,51.2,94.48,45.8
103.2,108.2,-5,56.6,1.47,15.9,32.6,69.5,50,15,47.3,51.4,93.25,45
100.4,110.3,-9.9,56.2,1.38,15.3,30.5,67.9,48.6,15.1,46,50.7,92.49,43.8
100.9,108.4,-7.4,60.5,1.57,17.6,29.3,70.7,49.8,15.6,48.5,51.4,92.81,45.9
107.2,99.5,7.8,60.1,1.57,17.3,33.2,71.7,52.8,15.4,50.1,54.1,91.2,55.5
110.5,104.4,6.1,58.3,1.67,17.5,27.6,71.1,50,14.3,52.7,56.7,93.34,53.8
110.6,102.9,7.8,54.1,1.44,16.1,28.7,71.5,51.4,15.1,52.4,57.3,91.63,55.6
108.4,104.1,4.4,63.7,1.71,18.7,27.8,71.3,50.4,15.1,52.5,56.5,92.24,53.8
109.6,103.3,6.3,57.6,1.68,17,32.5,69.2,51.3,14.1,50.2,54.5,91.78,54.1
105.5,99.8,5.7,63.5,1.61,18.8,25.7,70.9,49.7,15.9,51.9,56.1,90.92,55.8
109.9,105.9,3.9,54.5,1.45,15.8,30.6,69.7,50.7,14.8,50.1,56.1,93.84,52.9
107.4,101.8,5.6,55.3,1.34,15.9,30.4,72.3,51.8,16.2,52.1,55.4,91.55,53.4
111.7,106.8,4.9,57.6,1.57,17,28.3,71.6,50.6,14.7,52.6,57.4,96.06,52.4
107.3,105.7,1.6,58.8,1.62,16.9,33.1,68.2,49.9,14.5,48.6,53.3,89.13,51.6
107,104.5,2.5,52.8,1.48,16,33.3,68.2,50.5,15,49.3,53.4,92.42,51.8
105.4,104.4,1,57.4,1.58,16.8,28.9,72.1,50.3,14.5,49.3,53.7,89.4,50.7
105.1,105.8,-0.7,60.7,1.61,17.7,27.4,71,49.4,15.1,50.1,54.2,90.22,49.3
110.2,107.9,2.3,61.7,1.76,17.8,31.5,69,50.1,14.1,50.3,55,95.14,51.5
109.9,109,1,56,1.56,16.4,27.3,67.6,47.3,14.1,51.3,56.1,96.47,50.4
105.3,103.8,1.5,59.6,1.75,17.6,27.8,71.4,49.7,13.8,49.4,53.5,92.78,51
108.6,109.4,-0.8,60.4,1.66,17.9,27.5,68.1,48,14.7,52.2,55.9,95.18,49.4
107,108.8,-1.8,62.7,1.63,18,31.4,67.9,49.6,15.4,49.8,54.4,92.03,50
104.1,105,-0.9,53.6,1.28,15.2,29.7,70.3,50.1,16,48.6,53.3,95.5,49.2
107.1,109.4,-2.3,56.8,1.54,17,30,65.9,47.6,15.1,51,54.4,95.85,47.2
100.8,101.5,-0.8,54.9,1.4,15.3,28.7,71,49.2,14.8,46.7,51.1,90.57,48.8
102.8,107,-4.2,60.1,1.45,16.9,29.8,70.5,50.2,16,48.2,52.8,90.3,48
104.8,108,-3.2,60.1,1.35,16.9,33,69.2,51.1,17.4,49.6,53.5,93.35,48.3
107,110.7,-3.7,56.6,1.62,16.8,31.7,68.1,49.1,14.4,49.5,53.3,89.79,46.4
102.1,108.9,-6.8,59,1.5,16.6,30.4,70,49.7,15.2,47.4,51.7,90.7,45.2
102.9,108.4,-5.5,53.4,1.27,15.4,33.4,70.2,51.2,16.7,48,51.9,95.76,46.2
101.3,109.1,-7.8,52.2,1.27,14.9,31.7,67.1,48.8,16,47.1,51.3,94.76,44.5
105.2,111.7,-6.5,57.1,1.49,16.8,31.4,68.5,49.5,15.6,49.1,53.3,93.78,45.9
101.5,110.9,-9.5,59.6,1.48,16.4,28.3,69.9,48.5,15.1,47.2,51.8,93.76,44.1
103.2,109.9,-6.7,53.4,1.18,15,33.6,69.8,51.2,17.4,48.3,52.6,97.49,44.3
110.6,103.8,6.8,59.2,1.61,17.7,29.3,72.5,51.9,15,53.2,57,91.77,55.2
110.7,102.8,7.9,53.7,1.4,15.8,28,72.6,51.2,15.2,53.6,57.3,92.54,55.1
107.6,102.7,4.9,55,1.58,16.2,31.4,70.8,51.2,14.1,49.6,53.8,93.73,52.9
107.8,105,2.8,61.1,1.81,18,27.9,69.7,49.3,13.7,50.6,55.2,93.6,53.4
113.9,109.1,4.8,57.3,1.58,17.5,31.1,67.3,50.3,15.2,54.6,58.5,96.43,53.6
111,106,4.9,56.2,1.83,17.1,32,68.5,50.2,13,50.6,54.5,90.77,52.3
110.8,106.5,4.4,55,1.51,16.1,30.4,68.7,49.8,14.4,50.9,56.1,95.61,52.4
109.7,104,5.7,67.8,1.76,19.8,31.3,71.8,52,16,52.4,56.5,94.68,55
106.9,103.2,3.7,63.5,1.58,18.5,27.4,69.7,49.3,16,52.2,56.4,92.22,54
107,103.5,3.5,53.5,1.34,15.5,32,69.4,51.1,15.8,49.4,54.7,94.13,53.2
109.6,106.1,3.5,56.3,1.65,16.6,32,70.2,51,13.8,49.9,54.7,88.64,52.5
109.3,103.9,5.4,58.1,1.64,17.4,30.3,72,51.5,14.7,51.5,55.2,92.26,53.2
105.7,103.4,2.4,51.9,1.43,15.4,29.4,70.1,50,14.4,49.6,53.7,90.3,52.2
104,101.9,2.1,57,1.6,16.4,29.8,72.6,50.1,14.1,48.2,51.8,92.6,49.5
103.9,102,1.9,58,1.29,16.1,31.5,69.8,51,17.2,49,53.8,90.91,51.8
106.8,106.8,0,57.9,1.51,16.5,30.9,69.9,49.8,15.1,49.4,53.7,94.91,48.9
102.6,104.2,-1.6,55.3,1.45,16,30.3,70.9,50.9,15.1,47.7,52,94.02,50
107.5,109,-1.5,47.9,1.24,14.4,35.5,69.8,52.3,16,49.4,53.6,94.29,48.6
110.2,112.2,-2,56.4,1.64,17.1,28.8,69.2,49.5,14.2,52.1,56.4,93.94,48.9
106.5,108.9,-2.4,57.5,1.66,17.3,28.2,69.6,48.6,14.3,50.6,54.3,93.53,48.4
103,106,-3,57.3,1.4,16.1,25.5,69,47.3,15.4,49.1,53.6,97.77,47.6
102.3,109.1,-6.8,60.3,1.41,17.1,30.5,69.7,50,16.8,49.1,52.9,93.44,46.5
106.4,110.3,-4,56.7,1.54,16.6,26.8,69.1,47.6,14.6,50.9,54.7,95.03,47.4
104.5,110.3,-5.9,54.1,1.45,15.5,34.6,69.7,51,14.9,47.4,51.5,89.46,44.8
104.8,108.9,-4.1,55.8,1.45,16.4,31,69.3,49.8,15.6,49.6,53.4,92.72,47.8
107,110.3,-3.3,55.2,1.53,16.5,25.4,65.9,45.3,14.4,51.4,55.7,101.52,47
103.1,108.3,-5.3,51.8,1.28,15,31.7,69.1,50.1,15.9,48.1,52.4,92.6,46.2
104.4,109.1,-4.7,53.4,1.37,15.7,31.5,70,50.4,15.6,49.1,52.8,94.78,46.7
100.6,110.4,-9.8,52.4,1.22,15,30.8,70.5,50.1,16.7,47.8,51.8,97.12,43.2
99.3,108.9,-9.6,54.7,1.3,15.1,28.5,68.6,47.8,15.5,45.8,50.9,92.65,42.9
111.2,101.6,9.6,55,1.59,16.4,30.6,70.7,51.2,14.1,51.9,56,89.61,55.9
111.4,103.5,7.9,57.7,1.73,17.3,32.6,69.8,51.4,14,51.3,55.5,95.49,54.7
109.5,101.6,7.9,60.6,1.45,17.8,31.4,71.5,52.4,16.9,52.8,57.1,91.15,56.2
108.3,101.3,7.1,54.4,1.39,15.6,27.3,71.7,50.2,14.9,52,55.9,92.99,54.5
109,105.6,3.4,59.5,1.45,16.9,31.1,68.3,50.3,16,51.2,56.3,95.39,52.9
112.1,106.1,6,55.2,1.58,16.4,35.5,70.8,52.8,14.5,51.1,55.3,88.02,53.1
107.6,103.4,4.2,57.1,1.8,17.3,25.8,74,50.2,13,51.3,54.8,89.19,52.3
107.1,102.9,4.2,56.2,1.44,16.2,30.8,71.4,51.7,15.4,50.1,54.8,91.23,53
109,107,2,56.9,1.71,17,29.7,70.7,50.4,13.6,50.4,55,92.68,52.2
107.6,105.8,1.8,55.3,1.56,16.3,28.2,70.7,49.6,14.1,50.1,54.8,88.74,51.5
108.5,105.8,2.7,64.4,1.67,18.4,31.6,69.3,50.5,15.5,50.4,55.4,94.47,53.5
108.3,106.7,1.7,56.1,1.58,16.4,29.5,68.2,49,14.1,50.4,54.6,90.44,50.7
112.4,110.4,2,56.5,1.48,17.4,30.8,68.2,50.3,16.1,54.5,58.4,96.99,52.5
106.8,106.5,0.3,55.1,1.63,16.3,28.2,69.3,48.4,13.6,50,54,90.8,50.5
107.2,107.5,-0.3,55.4,1.45,16.1,32.1,67.5,49.8,15.3,49.3,54.1,94.1,49.9
106.3,106.1,0.2,55,1.42,15.8,34.2,68,50.8,15.4,48.5,53.2,91.3,50.3
105.8,106.4,-0.6,56.7,1.74,16.7,31.1,71.1,50.8,13.3,48.3,52.4,88.02,49.6
107.2,108.2,-1,55.1,1.49,16.3,29.1,70.7,49.8,14.8,50.1,54.5,97.34,48.9
103.7,105,-1.3,60.7,1.36,17,32.1,68.6,50.4,17.3,49.4,53.6,89.18,49.5
105.2,106.3,-1.1,59.9,1.56,16.8,31,69.9,49.6,14.9,48.3,53.1,93.89,48.5
106.8,109.5,-2.7,55.9,1.52,16,28.8,70.3,49.3,14.3,49.7,54.3,91.12,47.4
105.5,108.6,-3,60.1,1.67,17.5,27.6,70.6,49.3,14.3,49.4,54.2,93.26,49.2
107,109.4,-2.5,55.1,1.48,16,27.7,69.6,48,14.6,50.3,54.4,97.82,46.7
108,111.7,-3.7,53,1.42,15.4,29.3,65.2,47.3,14.6,49.7,54.9,99.57,47.8
102.3,108.2,-6,49.7,1.14,14.2,29.7,69.7,49.5,16.6,48.6,53.3,91.22,45.7
104.9,109.9,-5,56.1,1.44,15.9,32.1,71.7,51.1,15.2,48.1,52.6,92.76,45.3
101.4,107.6,-6.2,55.5,1.25,15.6,30.9,71.6,50.8,17,47.1,52.1,95.1,46.4
101,110.1,-9.2,58.3,1.41,16.4,28.7,67.9,47.9,15.8,48.1,52,93.3,44.1
104,112.1,-8.1,54.8,1.43,15.8,31.3,68.9,49.5,15.1,48,52.4,92.26,44.8
104.4,113.4,-9,54.1,1.28,15.3,28.9,66.9,47.7,16,49.1,54.2,95.29,44
108.8,98.1,10.8,61.4,1.47,17.6,30.6,70.7,51.8,16.4,52.2,56.9,91.88,58.1
109.8,101.5,8.3,61.1,1.92,17.8,32.7,70,51.3,13.1,49.5,53.9,88.54,55.2
111.7,104.3,7.3,61.7,1.73,18.1,29.7,70.2,50.7,14.5,52.5,57,96.7,55.1
110,104.4,5.6,56.4,1.83,17.2,30,71.7,50.6,13,51.2,54.8,91.04,52.6
106,100.7,5.3,58.5,1.66,17.1,26.8,73.3,50.3,14,50.4,54.3,89.72,53.3
105.4,100.5,4.8,58.5,1.56,16.8,32.3,71.1,51.9,15,49.2,52.8,91.42,53.5
112,107,5,64.5,1.85,19.7,25.3,67.4,48.1,14.7,55.1,59,97.72,55.6
112.1,104.9,7.2,66,1.8,19.6,32.7,71,52.1,15.4,52.8,57.3,94.64,55.6
110.4,104.9,5.6,55.8,1.45,16.4,27.4,70.9,50.1,15.1,53.7,57.5,94.02,52.9
109.5,104.7,4.8,56.9,1.66,16.7,30,71.6,51.4,13.8,50.2,55.4,91.38,53.6
108.9,105.5,3.4,61.2,1.68,17.7,29.2,68.6,49.4,14.4,51,55.7,100.58,52.9
110.4,108.5,1.9,53.9,1.69,16.3,30.1,67.2,48.1,13.1,51.1,54.8,99.96,49.6
104.8,105.4,-0.6,55.8,1.43,15.7,33.4,71.5,51.8,15.2,48,52,91.06,49
107.6,107.9,-0.3,53.8,1.49,15.6,32,69.5,50.3,14.4,48.9,53.5,90.85,48.8
105.9,106.8,-0.8,59,1.64,17,30.3,68.4,49.5,14.3,48.9,53.2,89.1,49.5
108.9,105.6,3.3,62,2.04,18.7,26.9,70.9,48.9,12.7,51.1,55.1,91.35,51.9
105.1,104.7,0.5,54.7,1.43,15.9,35.1,68.8,51.5,15.6,48.2,52.2,91.56,50
106.2,108.6,-2.4,51.5,1.19,14.9,29,68.9,49.3,16.6,50.3,55.6,95.81,48.3
105.5,107.3,-1.8,60.6,1.48,17,32.9,68.2,50.6,16,48.3,53.5,92.35,49.8
105.1,106.3,-1.2,60.1,1.51,16.9,27.8,70.1,48.7,15.2,49.8,54,98.64,48.5
102.3,107.7,-5.4,67.4,1.57,18,30,70.6,50.2,16,48.1,52.8,92.96,47.5
102.9,106,-3.1,60.6,1.51,16.7,32.5,68.7,50,15.4,47,51.5,94.04,48
103.7,108.2,-4.5,59.1,1.45,16.6,29.4,67.4,48.3,15.7,49.2,53.2,92.75,46.9
103.9,111.1,-7.2,58.2,1.45,16.5,33.2,69.4,50.6,15.8,48.2,52.2,92.61,45.2
99.9,107.4,-7.5,61.4,1.47,16.7,26.7,70.3,48.4,15.3,46.5,51.9,93.38,46.1
103.5,110.4,-6.8,51.6,1.29,14.7,32.1,69.7,50.2,15.5,47.5,51.8,92.76,44
103.9,110.2,-6.3,51.4,1.26,14.9,27.7,70.6,48.9,15.7,50,53.9,96.33,45.1
102.7,110,-7.3,53,1.37,15.6,31.4,70.3,50.1,15.6,48.4,51.8,92.84,43.5
99.6,108.3,-8.6,55.9,1.33,15.9,30.5,70,50.2,16.3,46.7,50.9,97.32,45
99.4,108.8,-9.4,58.5,1.37,16.3,26.4,68.1,47,15.9,48.2,52.2,91.24,44.5
109.7,102.1,7.6,54.2,1.43,16,32,71.9,52.2,15.2,50.9,55.9,90.68,55.2
112.9,105.5,7.4,62.6,1.78,19.3,26.2,68.3,48.4,14.9,55.1,59,96.45,56.1
108.6,99.4,9.2,60.5,1.6,17.8,27.9,71.5,50.5,15.3,52.1,56.1,90.22,56.9
107.4,102.6,4.8,60.1,1.77,17.3,30.7,67.8,49.3,13.7,48.8,53.5,88.56,53.3
104.7,99.7,4.9,58.6,1.47,16.5,28.7,72.5,50.8,15.3,49.9,54,91.7,52.9
108.6,105.6,3,65.9,1.58,18.5,35.2,72.1,53.4,16.7,50.2,55.1,92.81,53.1
104.4,100.6,3.8,57.4,1.45,16.2,32.7,72.1,51.8,15.5,48.4,52.2,91.59,52
104,98.8,5.2,60.1,1.4,17,31.9,70.7,51.4,16.8,49.3,53.4,94.47,53.9
105.7,104.4,1.2,60.1,1.65,17.5,25,71.1,48.1,14.3,50.4,55,93.86,51.4
106.7,105.1,1.7,60.7,1.42,17.1,32.2,67.8,50.2,16.7,50.1,54.8,98.2,51.4
103.4,104.6,-1.2,57.6,1.4,16.6,27.9,69.3,49.3,16,50.6,54.1,90.61,50.8
106.2,106.5,-0.3,59.8,1.49,17.3,28.5,66.2,47.2,15.9,51.2,54.8,99.97,48.9
107.3,107.5,-0.2,59.6,1.45,17.1,30,69,49.6,16.1,51.1,55.4,94.58,49.9
104.2,105.1,-0.9,67.4,1.62,18.5,27.5,71.4,49.6,15.8,50.4,54.6,92.69,49.9
108.7,109.1,-0.4,54.1,1.47,15.5,31.2,67.8,48.9,14.4,49.1,54.2,95.33,48.5
103.8,104.2,-0.4,61.2,1.42,17,30.7,71.2,51.3,16.4,48.1,53.7,91.92,50.9
104.1,103.3,0.8,53,1.1,15.1,33.3,69.7,51.9,18.6,50,54.4,90.54,50.2
103.7,105.4,-1.6,51.7,1.29,14.9,31.8,71.9,51.4,15.7,47.9,52,91.19,48.5
101.9,104.4,-2.5,58.5,1.26,15.9,32.1,69.4,50.3,17.3,47.4,52.3,93.43,48.5
102.4,105.6,-3.2,56.9,1.33,16.1,30.6,67.8,49.3,16.5,48,53,91.84,48.9
102.4,106.3,-3.9,62,1.5,17.1,29.9,68.2,48.5,15.8,48,52.4,93.11,47.1
104.3,107.4,-3.1,52.8,1.09,14.7,33.7,71.4,52.7,18.3,49.4,53.9,91.89,47.1
105.1,106.7,-1.6,56.6,1.39,15.8,26.7,69.2,47.7,15.1,49.1,54.5,95.83,48.5
102.4,106.5,-4,61.7,1.45,17.5,29.2,69.8,50,16.6,49,53.7,92.19,48.7
103.8,108.6,-4.8,52.6,1.22,15,32.6,69.7,50.7,16.6,48.3,53,89.36,45.9
105.9,108.9,-3,55.6,1.34,16.2,31.2,67.6,49.2,16.5,49.9,54.4,92.92,47.4
102,107,-5.1,55.6,1.2,15.3,32.8,67.6,49.9,17.3,47.1,52.3,90.98,46.6
106,110.3,-4.3,56.7,1.43,16.7,30.6,65.7,47.9,16.1,50.4,54.1,93.33,45.6
102.3,105.8,-3.5,57,1.21,15.6,30.9,70.5,50.2,17.6,47.9,53,92.91,45.9
105.7,110.9,-5.2,56,1.25,15.9,29.1,68.2,48.6,17,50.4,55.5,94.77,46.2
109.3,101.7,7.6,66.1,2.12,18.9,31.7,68,49.7,12.8,49.7,53.5,87.98,55.7
106.2,98.7,7.5,57.4,1.52,17,28.9,70.8,50.5,15.3,51.3,54.6,89.41,55.4
109.9,103.2,6.7,50,1.32,14.6,34.7,69,52.2,15,49.5,55,89.3,55.1
110.2,104.7,5.4,63.5,2,19.5,25.6,69,48,13.5,53.7,56.8,96.92,54.7
107.5,103.4,4.1,55.7,1.43,16.4,29.7,72.6,51.9,15.6,51.7,55.6,92.56,53.8
106.6,104.4,2.1,53.6,1.37,15.3,31.3,71.7,51.4,15.1,49.2,53.8,90.77,51
104.5,100.4,4.1,57.8,1.4,16.1,29.8,69,49.6,15.7,49.6,53.7,87.39,51.6
102.4,100.9,1.5,67.8,1.68,18.2,27.4,73,50.1,14.9,47.8,52.8,91.17,51.3
103.8,102.2,1.6,57.1,1.44,16.5,28.6,71.9,51.3,15.4,48.7,54,92.99,52.3
106.8,104.2,2.6,58,1.52,16.5,31.6,70.1,50.7,15,49.5,53.9,92.22,51.8
104.4,104.1,0.3,62.4,1.58,17.6,30,68.2,49.4,15.4,48.8,53.5,94.9,51.2
105.3,103.5,1.8,61.8,1.52,17.3,28.9,69.4,49.5,15.6,49.2,54.4,93.26,51.5
107.7,105.8,1.9,51.2,1.33,14.5,32.9,67.9,49.9,14.8,48.4,53.8,93.68,50.3
103.3,102.7,0.7,60.1,1.47,16.9,30.3,70.3,50.3,15.8,48.7,52.7,93.59,50.1
103.1,101,2,58.5,1.3,16,30.4,69.9,50.6,16.8,48.7,53.3,90.85,51.4
102.4,105.1,-2.7,64.6,1.37,16.9,35.6,70.2,52.6,17.4,46.7,51.9,89.4,49.7
104.9,105.9,-1,59.4,1.48,16.8,30.9,71.3,50.7,15.7,49.2,53.5,92.45,48.6
102.3,105.1,-2.8,53.7,1.39,15.1,29.7,70.9,49.7,14.7,46.4,51.5,90.32,48.4
104.7,106.5,-1.8,55.1,1.43,15.8,28.5,67.6,48.1,14.9,48.7,53.8,93.91,49.2
105.3,106.6,-1.3,51.4,1.21,15,33,69.1,51.6,16.8,49.6,54.3,89.12,49.5
109.4,112.7,-3.3,55.1,1.4,16,34,65.9,49.5,15.7,50.4,55.1,93.04,46.7
103.5,104.9,-1.4,57.6,1.47,15.9,29.6,68.6,48.5,14.8,47.9,52.1,94.43,47.5
100.4,102.1,-1.7,58.3,1.32,15.8,29.1,70.5,50.1,16.2,47.1,51.9,89.07,49
104,105.6,-1.5,58.1,1.26,16.4,28.9,69.4,49.7,17.6,50.4,55.1,93.27,48.5
101.5,103.5,-2,59.4,1.44,16.9,29.6,67.3,49,16,48,52.4,89.58,50.3
107.9,111.2,-3.2,52.9,1.49,15.5,28.6,69.7,48.4,13.9,50,54.8,92.33,45.9
104.8,110.1,-5.3,55.2,1.27,15.5,33.4,66.7,49.6,16.9,48.6,53.4,91.75,46.2
101.2,105.6,-4.4,58,1.47,15.9,30.5,67.8,47.9,14.9,46.4,50.9,94.57,46.3
102.7,109.3,-6.6,52,1.01,14.2,34.2,69.7,51.8,19,48.1,53.4,92.03,44.4
99.7,110.3,-10.7,53.4,1.24,15.1,30.8,65.7,48,16.5,47.4,51.1,88.88,42.4
112.7,105.7,7,57.5,1.71,17.4,30.4,65.6,49,14,53.4,57.1,97.35,54.6
108.9,102.2,6.7,57.8,1.59,17.1,29.7,69.8,50.8,14.7,52.4,55.9,91.73,55.6
106.1,97.8,8.3,60.6,1.57,17.1,32.1,69.7,51,15.1,49.2,53.4,89.96,56.5
108.5,102.6,5.9,52.6,1.46,15.3,31.9,67.4,50,14.2,49.2,54.5,94.18,53.7
103.9,99.6,4.3,62.7,1.58,17.2,34,69.3,51.8,15.4,47.2,51.9,88.59,54.2
110.3,108,2.3,51.6,1.34,14.7,35.7,68.1,51.7,15.1,49.5,54.6,89.24,50.4
104.4,100.1,4.3,60.9,1.53,16.9,30.1,71.3,51.2,15.2,48.6,53.4,90.18,52.7
108.8,106.5,2.3,62.6,1.87,18.2,31.5,66.7,49.1,13.7,49.6,54.1,94.52,52.2
104.7,102.6,2.2,64.5,1.6,18,31.3,67.8,49.7,15.7,48.3,53.5,94.68,53.1
100.5,99.1,1.4,61.2,1.27,16.4,31.7,69.1,50.6,17.8,47.1,51.7,93.41,49.8
105.9,105.1,0.8,59.4,1.4,16.9,30.5,67.1,49.4,16.5,50.1,55.1,94.61,50.5
104.2,101.5,2.7,61.2,1.43,16.9,30.8,66.3,48.7,16.3,48.9,53.5,89.65,51.5
105.4,105.9,-0.4,52.7,1.33,14.6,33.8,66.7,49.7,15,47.4,52.3,94.8,48.5
103.7,102.7,1,55.8,1.27,15.1,29.6,68.7,49.4,16,47.6,53.4,88.71,50.4
106.6,105,1.6,63,1.78,18.3,32.1,68.2,50.8,14.5,48.9,53.4,90.39,51.8
101.8,102.5,-0.7,58,1.34,15.9,28.1,70.3,49.1,16,47.5,52.8,96.56,49.3
105.3,104.7,0.6,61.9,1.62,17.3,35.4,67.4,51,15.2,47,51.8,90.72,51
99.9,101.6,-1.7,64.4,1.52,17.1,29.8,70.1,49.5,15.5,46.3,51.2,90.41,49
103.8,104.5,-0.8,65,1.47,17.9,33.8,68.7,51.8,17.1,47.7,53.3,90.66,51.8
103.4,105.7,-2.3,52.2,1.2,14.8,32.8,68.2,50.7,16.8,47.8,52.9,96.15,48.9
103.4,105.5,-2.2,59.8,1.63,16.6,30.3,66.6,47.7,14.2,47.5,51.2,94.45,47.3
106.4,109.6,-3.2,57.8,1.42,15.9,32.4,68,50.3,15.5,48.5,53.5,92.34,46.8
104.5,107.2,-2.7,55.9,1.38,15.9,31.6,68.6,49.8,15.8,48.5,53.1,92.12,47.5
105.4,107.2,-1.8,56.6,1.54,16,26.9,68.2,47.3,14,49.2,53.9,94.01,47.9
105.1,108.1,-3,58,1.52,16.4,32.2,68.7,50.3,14.9,47.5,52.7,92.14,47.8
101.9,106.1,-4.3,59.5,1.32,16.6,33.1,65,49.6,17.5,48.4,52.4,91.05,47.5
102.9,107.3,-4.4,64.6,1.41,17.4,35.1,69.5,51.8,17.4,46.9,52.2,90.02,47.5
99.8,106,-6.2,60.6,1.51,16.5,32.7,67.6,49.2,15.4,45.5,49.7,93.54,46
98.2,105.9,-7.7,63.4,1.42,16.6,32.9,67.5,49.4,16.5,44.6,49.3,88.97,43.7
98.8,109,-10.2,54.9,1.22,15.3,32.6,69.6,50.2,17.1,46.4,50.4,93.09,42.2
102.5,96.2,6.3,64.4,1.5,17.3,32,70.6,51.1,16.2,47.1,52,88.54,53.9
104.2,98.5,5.7,62.3,1.81,18.2,30.3,69.1,50.7,14,48.6,52.8,90.24,55.4
101,93.1,7.9,59,1.39,16.3,31.9,71,51.6,16.2,47.3,51.1,90.23,56.6
104.2,100.1,4.1,64.3,1.72,17.9,31.3,70.1,50.6,14.6,48.1,52.2,93.39,53.8
108.6,103.2,5.4,69.4,1.89,19.6,29.2,67.6,48.8,14.6,50.7,55.4,94.25,54.4
100.3,93.9,6.5,62,1.37,16.6,33.2,68.6,51.2,16.8,46.1,51.1,89.34,55.8
110.4,105.9,4.5,59.1,1.96,17.7,33.5,68.6,50.7,12.8,49.5,53.6,94.62,52.7
103.4,100.8,2.6,64.6,1.56,17.7,32.5,65.5,48.9,16,47.9,52.2,92.6,52.2
99,96.4,2.6,71.4,1.66,19.1,28.9,71.1,50.1,16.2,47.1,51.5,90.97,53.3
99.7,97.8,1.9,57.7,1.15,15.8,30.5,70.8,51.6,18.6,48.4,52.8,88.92,51.3
102.4,101.4,1,59.9,1.4,16.5,33.7,66.4,49.8,16.4,46.7,51.7,94.64,50.5
100.6,100.3,0.3,57.3,1.38,15.6,30.7,70.7,50.4,15.4,46.3,51,89.3,49.6
100,101.3,-1.3,62.1,1.22,16.3,37.3,69.1,52.9,18.8,45.6,50.9,88.26,49.3
104.6,103.5,1.1,63,1.69,17.5,30.8,69,49.9,14.4,47.7,52.8,93.2,51
100.7,100.6,0.1,61.9,1.4,16.4,33.2,68.1,50.2,16.4,46,50.5,90.59,49.1
102.1,103.5,-1.5,61,1.46,17.2,34.4,67,50.7,16.6,47.8,51.5,87.54,48.8
99.7,101.3,-1.6,58.8,1.31,16.4,30.7,70.1,50.8,17,47.4,51.8,91.29,48.8
101.5,102.6,-1.1,58.5,1.39,16.2,31.2,69.4,50.3,16.1,47.5,51.7,90.95,49.1
105.6,106.4,-0.8,60.6,1.5,17.1,30.2,65.5,47.9,15.8,50.1,54,91.34,49.1
100.7,102.2,-1.5,59.2,1.26,16.1,27.9,65.8,47.3,17.2,48.6,53.2,94.47,49
100.6,103.1,-2.6,61.9,1.49,16.9,34,68.8,51.4,16,45.1,49.8,91.71,49.1
97.8,100.4,-2.6,61.1,1.25,16.1,31.3,68.1,49.8,17.7,45.6,50.5,89.26,48.4
95.3,98.8,-3.4,59.3,1.35,15.9,27,67.3,47.1,15.9,45.4,49.5,88.24,47.6
100.3,104.2,-3.8,53.6,1.27,15.3,29.7,66.1,47.9,16.2,47.5,51.5,93.72,46.6
99.1,103.9,-4.8,58.3,1.22,15.7,30.8,68.6,50,17.6,46.5,51.4,92.68,46.6
101.9,106.6,-4.7,58.7,1.23,15.5,36.2,67.7,51.7,17.6,45.3,51.2,92.49,46.4
97.2,102.9,-5.7,55.7,1.07,14.5,33.3,66.7,49.6,18.6,45.4,50,93.9,44.1
95.6,102.1,-6.5,64.1,1.36,16.7,31.1,67.9,49.1,17.2,44.6,48.6,93.23,44.6
101.4,108.8,-7.4,54.5,1.41,15.2,31.5,65.7,48.1,14.8,46.1,50.4,92.14,43.4
109.3,101,8.3,58.1,1.94,17.3,27.7,67.7,47.8,12.3,49.8,54.3,93.75,54.6
103.9,98.1,5.8,56.3,1.26,15.9,31.1,68.7,50.8,17.1,49.7,54.1,91.46,54.9
104.4,97.8,6.6,62.7,1.71,18.3,28.9,67.8,49.3,14.9,49.9,53.5,96.63,55.1
104.8,102.5,2.2,65.3,1.84,19,31,69.5,50.8,14.6,48.8,52.8,93.08,52.9
102.4,98.2,4.2,60,1.47,16.2,29.4,70.7,49.9,15.1,47.3,52.3,88.26,52.5
105.6,103.4,2.2,61.8,1.6,17.4,32.8,69.3,50.9,15.3,48.6,52.8,93.78,52
104.2,101.5,2.7,62.3,1.49,17.7,33.8,68.9,51.5,16.7,48.9,53.1,90.44,51.5
102.1,96.6,5.4,64.9,1.56,17.6,31.7,70.2,51,15.8,46.8,51.8,93,54.4
103.2,99.6,3.5,65.6,1.58,17.7,31.8,69.4,50.9,15.7,46.9,52.2,92.71,53.8
103.2,100.6,2.6,59.5,1.46,16.5,32.4,70.4,50.9,15.8,46.6,52,93.07,51.6
102.4,100,2.4,62,1.49,17,34.5,69.7,51.8,16.1,46.5,51.1,90.72,51.7
103.7,101.1,2.6,72.7,1.53,19.5,35.3,67.3,51.9,18.4,48.6,53.7,90.78,55.1
100,100.5,-0.6,58.3,1.37,15.5,26.6,69.1,47.4,15.1,47,51.4,91.95,48
102.6,101.3,1.3,57.2,1.42,16.2,32.3,67.2,49.6,15.8,47.3,51.4,92.59,49.8
102.4,100.9,1.5,53,1.18,14.7,33.1,69.8,51.8,17,47.4,52.2,90.36,51.1
107.2,106.9,0.3,59.9,1.75,17.4,28.7,66.6,47.7,13.7,50,54.3,91.76,49.5
103.7,103.7,0,56.9,1.42,15.8,30,68,48.5,15.1,47.8,52.6,94.33,48.2
102.4,102.6,-0.2,61.5,1.64,17.2,31.4,68.8,49.7,14.7,47.2,51.2,89.17,50.2
106.4,107.7,-1.3,55.9,1.32,15.4,37.1,66.3,51.8,16.4,47.2,52.6,95.88,49.2
103.3,104.6,-1.3,60.7,1.57,17.2,28,68.9,48,15.1,48.6,52.8,92.06,47.4
101.5,102.6,-1.1,57.2,1.47,15.9,30.5,68.6,49.6,14.8,46,51.3,89.46,49.8
100.4,104.2,-3.8,58.7,1.23,16,30,68.1,49.9,17.8,47.6,52.7,92.63,48.3
99.1,104.2,-5.1,59.6,1.28,16.5,30.7,67.2,49.2,17.7,47.1,51.2,94.76,45.7
102.3,105.9,-3.5,62.1,1.5,17.5,30.1,65.9,48.2,16.2,48.7,52.6,94.03,48.2
101.1,105.1,-4,56.6,1.24,15.4,31.6,67.3,49.6,17,46.7,51.6,92.68,47
95.4,101.2,-5.8,55.8,1.29,15,30.6,70.9,50.1,15.9,43.9,48.3,88.93,45.6
99.3,105.6,-6.3,55.6,1.34,15.3,31.8,67.8,49.1,15.7,45.8,49.7,91.01,44.7
95.2,105.1,-9.9,60.1,1.14,15.7,33.8,69.7,51.3,19.1,44.4,49.1,95.32,43.1
91.2,100.1,-8.9,64.6,1.15,16.3,34.5,69.7,51.1,20,42.8,46.9,92.11,42.5
107.9,99.7,8.1,60,1.74,17.7,30.6,69,50.2,14.2,49.7,53.9,96.74,55.2
108,100.4,7.6,59.7,1.81,17.5,31.1,68.6,50.1,13.5,49.8,53.4,93.32,54.9
105.4,98.5,6.9,56.4,1.39,16,30.1,68.5,50.1,15.7,49.2,53.9,91.06,55.4
110.3,106,4.3,56.6,1.83,16.9,28.5,68.3,48.7,12.7,50.7,55.3,94.36,51.7
102.4,98.1,4.3,65.4,1.67,18.2,32.2,68.3,50.3,15.4,47.6,51.5,93.2,53.7
103.2,100.9,2.3,62,1.48,17.3,27.7,67.6,48.1,15.9,49.7,54,91.38,52.3
107.5,104.1,3.4,62.8,1.82,18.4,34.3,70.3,52.4,14.5,49,53.2,91.72,52.9
102.1,99.9,2.2,60.4,1.55,16.4,27.2,69.5,48.1,14.4,47.6,52,93.6,50
105.9,102.6,3.3,64.1,1.64,18,34.5,70.3,52.2,15.7,48.5,52.8,90.55,51.8
107.3,104.1,3.3,61.5,1.71,18.3,32,65.6,49,15.1,50.5,54,90.35,52.2
102.9,101.8,1.2,60.8,1.53,16.7,33.3,68.9,51.1,15.4,46.6,51.3,90.93,51.3
105.6,104.1,1.5,58.4,1.61,16.8,29.2,66.5,47.7,14.3,49.3,53.3,94.4,49.7
103.8,102.9,0.9,69.7,1.48,18.4,36.2,68.3,52.1,17.8,47.2,52.9,91.75,53
100.5,98.7,1.8,58.4,1.3,15.8,34.1,70.2,52.3,16.9,45.2,50.7,90.32,52
102.8,102.4,0.4,64.2,1.51,17.6,30.2,68.6,49.9,16.2,47.7,52.7,93.13,51
101.1,101.7,-0.6,60.9,1.52,16.9,34.3,67.1,50.3,15.8,46.3,50.1,90.02,49.6
105.3,105.6,-0.3,60.7,1.6,17.7,28.7,67.9,49.1,15.2,50.7,54.4,91.51,50.2
104.3,104.7,-0.4,57.7,1.41,16.3,34.9,67.3,51.2,16.1,47.6,51.9,91.21,49.5
102.9,104.5,-1.6,58.4,1.61,16.6,32.8,68.5,50.4,14.4,46.4,50.8,89.93,48.6
97.3,99,-1.7,59.4,1.37,16.5,29.7,71,50.5,16.6,46.3,50.1,88.47,50.1
101.8,102.6,-0.7,59.3,1.53,17.1,32.7,67.2,49.8,15.7,47.2,51,92.74,48.6
100.4,104.8,-4.4,57,1.3,15.8,29.7,68.9,49.1,16.6,47.1,51.7,93.21,46.5
100.4,104.6,-4.2,61.1,1.44,16.7,29.2,68.4,48.9,15.9,46.8,51.4,90.78,46.6
103.4,107,-3.6,64.1,1.58,17.8,31.9,69,50.5,15.8,47.7,52.4,91.31,48.2
101.6,106.9,-5.4,52.2,1.28,14.6,32.7,67.5,49.7,15.5,46.5,50.7,89.56,45.8
100.3,106.6,-6.3,62.3,1.51,17,34.1,66.8,49.7,16,45.5,49.5,91.35,44.2
96.6,104.7,-8,62.6,1.33,16.9,30.5,66.3,48.3,17.6,46.2,50.1,92.55,45.6
97.2,106.2,-9.1,64.6,1.45,17.3,29.8,68.5,48.7,16.6,45.6,49.9,91.56,43.6
101.5,107.1,-5.6,56.9,1.24,15.3,37.3,66.9,51.6,17.5,45.2,49.9,95.75,45.6
105,96.6,8.3,61.7,1.55,17.2,29.7,70.3,51.1,15.2,49.6,54.1,90.87,57.3
107,103.6,3.5,60.7,1.59,17.4,33.8,69.1,51.7,15.4,49.8,53.5,92.9,53.2
101.9,97.3,4.6,58.3,1.31,16,33.4,70.4,52.3,17,46.8,51.8,92.09,53.6
104.2,98.5,5.7,59.1,1.52,16.8,30.7,67.9,49.7,15.2,48.4,52.9,95.61,54
105.6,101.2,4.4,56.4,1.52,16.5,27.2,67.8,48.1,14.6,49.8,54.4,94.52,52.3
106.1,100.9,5.2,71.3,1.63,19.6,33.2,70.1,51.9,17.3,49.7,54.6,91.08,54.8
106.8,102.6,4.2,59.3,1.64,17.2,30.1,68.3,49.4,14.5,49.9,54.2,93.89,51.9
98.9,96.7,2.3,64.7,1.52,17.5,30.5,70.2,50,16.1,46,50.6,94.41,52.1
99.4,97.1,2.3,60.5,1.45,16.4,28,70,49,15.3,46.9,51.5,88.39,52.3
104.7,100.5,4.2,65.3,1.56,18.6,33.3,70,52.2,16.8,49.7,53.9,90.53,54.4
100,97,3,55.2,1.28,15.6,27.6,70.7,49.8,16.3,47.6,52.3,87.74,52
103.9,102.4,1.6,66.2,1.83,19,31.5,68.2,49.8,14.8,48.2,52.3,92.99,51.8
104.4,102,2.3,65.7,1.86,18.2,33.9,70,51.5,14.1,46.8,51,92.22,52.2
99.7,97.6,2.1,67.9,1.61,17.8,31.5,71,51.3,15.6,45.7,50.6,91.24,52.7
105.2,102.8,2.4,54.8,1.34,15.7,30.5,69.1,50.2,15.9,49.2,53.8,91.66,50.9
104.4,104.2,0.2,59.2,1.43,16.9,32.1,66.8,49.6,16.4,49.1,53,92.69,49.4
102.1,101.1,1,59.8,1.45,16.6,32.1,66.2,48.9,15.9,47.4,51.3,94.14,49.5
100.3,100.5,-0.2,62.3,1.42,16.9,29.7,68.5,49.7,16.4,47.1,51.9,90.89,51
102.2,104.9,-2.8,66.1,1.73,18,30.6,69,49.7,14.7,47,51.1,93.98,48
100.1,102.3,-2.2,61.6,1.33,16.2,28,69,47.8,16.6,47.3,52.1,93.81,46.8
98.5,100.3,-1.8,55.8,1.25,14.9,32.5,69.1,50.5,16.4,45.3,49.8,96.15,48
100.3,103.2,-2.9,54.7,1.23,15.3,32.2,68.2,50.6,17.1,47.6,51.4,90.67,47.6
99.3,103.5,-4.2,59.1,1.27,16.2,33.1,67.8,50.5,17.7,45.9,50.9,92.32,46.9
98.4,103.8,-5.4,57.6,1.33,15.4,29.2,67.3,47.7,15.7,45.2,50.4,93.35,44.6
96.9,102.4,-5.5,54.2,1.14,14.9,31.3,69.1,50.1,17.8,45.6,50,93.63,45.2
98.2,104.2,-6,66.2,1.47,17.9,29.3,67.5,48.4,16.8,46.4,51,93.03,46.5
99.4,106.2,-6.8,58.1,1.18,15.6,32.8,68.4,50.2,18.1,46,51.4,93.97,45.3
96.3,105.5,-9.2,60.9,1.37,15.9,35.7,68,50.4,16.5,42.9,47,95.7,42.7
95.9,105.9,-10,66.5,1.4,17.4,30.2,67.3,48,17.3,45,49.5,90.47,43.2
105.4,96.4,9,61.2,1.68,17.4,32.4,70.5,51.8,14.6,48.4,52.5,95.04,57.3
106.5,99.5,6.9,63.7,1.55,18.2,33.5,69.3,52.3,16.6,50.1,54.6,91.03,55.9
106.8,101.7,5.1,60.9,1.6,17.5,27.6,69.1,49.2,14.9,50.3,55.2,94.7,53.4
105.7,101.1,4.6,68.9,1.67,19.1,32.9,69.8,51.6,16.3,49,54,90.84,55.1
102.7,97.3,5.4,67.8,1.53,18.8,31.6,67.6,50,17.3,49.1,53.2,95.67,54.2
103.5,97.1,6.4,61.6,1.48,17.3,30.1,70.3,51.2,16.2,48.8,53.5,92.11,55.6
102.5,99.4,3.1,64.9,1.57,18.3,30.4,69.6,50.8,16.3,49.5,53.3,91.22,54.3
104.2,101.7,2.5,68.4,1.94,19.8,31.8,69.6,50.7,14.7,48.5,52.5,93.37,53.1
100.9,99.5,1.5,54.8,1.32,15.8,27.7,69.9,49.6,16,48.2,52.7,90.54,50.7
102.5,99.7,2.8,68.9,1.68,18.4,28.3,71.2,50.1,15.3,47.5,53,95.58,54.1
99.9,98.3,1.5,60.7,1.42,16.6,33.5,68,50.4,16.5,45.7,50.1,94.25,50.8
104,103.1,1,60.4,1.63,17.2,31.2,67.3,49.1,14.8,48.7,52,94.74,49.6
102.7,102.8,-0.1,65.3,1.71,17.7,32.4,68.6,49.9,14.7,46.4,51.1,94.3,50
103.6,100.7,2.9,59.6,1.47,17,30.8,67.9,49.3,16,48.6,52.6,100.66,51.3
105.2,103.8,1.4,56.1,1.33,15.7,29.5,69.4,49.5,16,49.2,54.8,97.56,50.6
106.5,106.2,0.3,58.3,1.51,17.1,32.7,66.7,49.7,15.8,49.4,53.9,94.27,49.8
101.1,100.3,0.8,53.9,1.18,15.3,34.4,66.9,50.6,17.8,47.3,51.6,98.68,49.7
104.7,105.2,-0.5,56.7,1.61,16.7,28.1,64.7,46.6,14.2,49,53.2,96.64,49.3
102.9,103.9,-1.1,57,1.38,15.9,32.7,70.5,50.6,15.9,47.4,52,96.19,47.6
102.2,104.5,-2.3,62.5,1.49,17.2,32.1,68.8,50.4,16.1,47.6,51.7,95.95,48.3
103.3,104.2,-0.8,59.1,1.24,16.3,32.1,69.1,50.8,18.1,49.4,53.6,95.54,49
98.7,102.2,-3.5,65.2,1.36,17.3,30.8,68.5,49.6,17.7,46.8,51.6,97.36,47.5
102.8,103.9,-1.1,56.7,1.51,15.8,29.8,65.7,47.2,14.3,46.8,51.7,94.63,47.9
101.8,105.2,-3.4,58.8,1.34,16.4,32.9,68.6,50.6,17,47.6,52.1,94.33,47.1
100.1,105.8,-5.7,51.6,1.22,14.6,33.4,69.8,51.6,16.4,46,50.3,93.55,46.2
100.7,106.7,-6,58.8,1.23,16.2,32.6,67.9,50.1,18.1,47.4,52.4,92.46,45.7
98,106.5,-8.4,61.8,1.42,16.3,34.6,67.3,49.9,16.3,44.4,48.4,97.11,43.1
92.8,102.8,-10,63.8,1.05,15.8,33.1,67.6,49.9,20.8,44.3,49,90.93,41.7
96.1,108,-11.9,51.4,1.12,14.2,28.6,67.4,47.4,16.9,45.8,49.9,95.69,41.1
106.2,98.4,7.8,63.7,1.66,18,38.1,67.6,52.7,15.8,47.3,51.6,90.3,56
110.9,103.8,7.2,69.2,1.64,19.4,35.2,68.4,52.9,16.9,51,56.9,90.55,57.1
110.4,102.3,8.1,63.9,1.6,18.1,33.9,65.6,50.3,16,51.9,55.9,94.85,55.8
110.1,102.3,7.9,65.1,1.73,18.7,32.1,63.5,48.1,15.3,52.1,55.8,90.96,54.4
106.3,99.5,6.8,64.7,1.62,18.3,30.5,65.7,49,15.8,50.2,55,89.69,55.3
106.3,100.6,5.6,67.7,1.72,19.3,32.1,66.4,49.7,16.1,50,54,92.47,54.7
102.4,98,4.4,63.5,1.4,17.7,32.6,69.6,52.4,17.8,49.3,53.1,89.65,55.1
105.7,100.5,5.2,61.7,1.43,17,33.9,66.9,50.8,16.6,49.4,53.8,89.35,53.5
105.5,103.3,2.2,65.4,1.56,18.3,32.6,69.1,51,16.6,49.5,54.2,91.13,52.6
106.5,102.5,4,54.3,1.29,15.3,35.6,66.9,51.8,16.5,48.1,53.3,89.1,53.2
100.3,97.5,2.8,67.2,1.33,17.8,33,67.8,50.8,18.8,47.8,52.9,91.43,52.8
102.4,100.8,1.6,61.2,1.28,16.6,35.5,68.5,52.5,18.3,47.6,52.4,91.46,51.2
106.4,105.5,0.8,65.5,1.82,18.6,33.3,65.7,49.7,14.6,48.3,52.9,93.89,51.5
105.8,104.3,1.5,55.2,1.43,15.3,38.3,65,50.8,15.3,46.3,51.3,93.16,49.7
101.5,98.8,2.7,62.4,1.43,17.3,31.9,70.3,51.2,16.9,47.6,52.1,89.53,51.7
103.9,103.2,0.7,61.7,1.64,17.5,33.9,67.3,50.1,15.1,47.6,51.3,92.98,50.7
105.9,106.8,-0.9,61.1,1.39,16.9,32.4,67.2,49.9,17,49.6,54.4,92.52,49
101,102.2,-1.2,61.1,1.35,16.3,37,64.6,50.5,17.2,45.2,49.9,88.51,48.9
103.4,101.8,1.6,55.8,1.33,15.5,33.2,66.8,50,16,47.2,52.3,89.75,50.5
100.8,103.5,-2.7,60.3,1.37,16.5,35.2,64.2,48.4,17.1,46.4,50.4,94.9,45.7
101.5,103.7,-2.2,56.5,1.19,15.7,34,66.4,50.1,18.1,47.5,52.7,91.9,48.3
101.1,103.3,-2.3,60.9,1.28,16.3,34.1,66,49.9,17.9,46.2,51.4,92.11,47.8
99.1,105,-5.9,62.1,1.44,17,32.8,64.3,48.3,16.5,46.4,50.2,93.78,45.8
98.9,105.2,-6.3,53.3,1.3,14.9,30.6,63.2,46.6,15.6,45.8,49.8,91.47,44.6
93.9,103.5,-9.6,60,1.25,15.7,35.6,66.4,50.5,17.8,42.7,46.8,93.31,42.3
102.4,110.2,-7.8,65.2,1.4,17.9,34,65.2,49.6,18.2,48.2,52.7,93.6,45.2
101.8,109.6,-7.7,52.3,1.16,14.6,33,63.8,48.1,17.1,47.7,51.8,93.74,43.7
99.4,108.9,-9.5,58.9,1.27,16,33.9,60.2,46.6,17.5,46.2,50.4,94.36,43.1
97.4,110.6,-13.2,57.8,1.18,15,33.7,63.9,48.2,17.5,44,49.6,91.06,40.7
112.4,100.7,11.8,65.4,1.93,19.4,37.4,67,52.4,14.7,51.1,54.7,91.5,58.6
112.4,102.6,9.8,70.2,1.75,20.4,32.8,68.7,51.8,16.7,53.1,58.1,91.1,59
105.2,99.2,6,61.5,1.33,16.9,32.4,67.8,50.4,17.7,50.7,54.6,89.54,53.6
107.5,102.8,4.7,66.3,1.47,18.7,31.8,69.2,51.4,17.8,52,56,92.73,53.6
102.9,99.5,3.4,62.8,1.24,17.2,32.3,70,51.9,19.2,50.1,54.6,91.84,53.7
109.6,101,8.5,64.4,1.57,18.1,34.1,65.7,50,16.3,51,55.7,91.68,56.2
106.4,100.3,6.2,55.4,1.27,15.5,33.4,67,50.5,16.8,49.8,54.2,88.54,53.9
106.4,102.3,4.2,61.1,1.51,17,34.3,65.8,50.1,15.9,49.6,53.5,92.61,53
109.1,107.1,2.1,67.6,1.68,19.2,31.6,66.1,49.5,16.2,51.8,56.2,90.04,52.8
108.5,102.6,5.9,55,1.49,16.1,30.2,67.5,49.2,14.6,51.2,55.4,86.09,53
106.3,102.1,4.2,57,1.26,16.1,35.8,69.1,52.7,17.8,50.3,54.4,92.17,52.7
103.8,104.2,-0.5,59.5,1.35,16.3,33.6,65.1,49,16.8,48.1,52.4,89.88,48.6
105.2,103.7,1.5,59.9,1.49,17.7,32.6,67.6,50.3,16.7,50.5,54,93.52,52.5
102.7,100.8,1.9,63.4,1.44,17.5,32.2,68.1,49.9,17,49.3,53.1,84.31,51.2
103.9,105.5,-1.7,63.8,1.51,17.7,32.3,64.9,48.8,16.4,48.5,53.3,92.04,50.1
108,107.1,0.9,65.8,1.75,18.9,29.7,66.3,48.2,15.1,50.8,55.2,94.46,50.9
104.2,102.9,1.3,61.4,1.31,16.8,33.8,66.8,50.6,17.8,49,53.7,90.44,50.4
103.5,106.2,-2.8,55.6,1.27,15.6,33.9,65.4,49.2,17,48.2,52.4,92.65,47.5
103.3,107,-3.7,60,1.35,16.7,34.8,66.1,50.3,17.4,48.5,52.6,92.48,47.2
104.7,106.7,-2,54.3,1.25,15.8,32.9,66.9,50.1,17.2,49.6,54.1,90.85,47.7
105.3,110.3,-5,60.8,1.29,16.8,34.7,64.8,49.7,18.2,49.3,54.3,93.58,46.4
102.9,106.4,-3.5,59.2,1.27,16.1,35,65.7,49.8,17.7,48.1,52.1,92.03,46.7
102.4,107.2,-4.8,57.6,1.34,15.5,37.6,66.9,51.3,16.6,45.6,49.9,94.47,45.7
99.5,106,-6.5,59.1,1.26,16,33.2,65,48.8,17.7,46.9,50.9,90.65,44.8
102.6,109.5,-6.9,56.4,1.18,15.2,35.9,65.4,50.4,17.9,47,51.8,97.05,45.3
103.1,109.7,-6.6,64.4,1.39,17.4,32.4,66.6,49.6,17.5,48.6,53,93.67,46.1
102.1,110.8,-8.8,58.8,1.34,16.3,34.4,64.3,49,17.1,47.2,51.2,88.45,44
102.9,110.1,-7.2,58.4,1.34,16.1,32.9,65.8,48.2,16.7,47.4,52,96.78,43.4
99.1,110.1,-11,66.1,1.43,17.9,32.5,61.8,46.9,17.6,47.1,50.7,89.7,43.3